{"count":1,"self":896.82503679999991,"total":1807.8745258,"children":{"InitializeActuators":{"count":16,"self":0.0019892,"total":0.0019892,"children":null},"InitializeSensors":{"count":16,"self":0.0040114999999999994,"total":0.0040114999999999994,"children":null},"AgentSendState":{"count":523601,"self":65.9301888,"total":102.8762558,"children":{"CollectObservations":{"count":819296,"self":2.2989284,"total":2.2989284,"children":null},"WriteActionMask":{"count":819296,"self":1.1298622999999999,"total":1.1298622999999999,"children":null},"RequestDecision":{"count":819296,"self":3.6145028,"total":33.5172768,"children":{"AgentInfo.ToProto":{"count":819296,"self":3.7305536,"total":29.902773999999997,"children":{"GenerateSensorData":{"count":819296,"self":23.030127999999998,"total":26.172220199999998,"children":{"RayPerceptionSensor.Perceive":{"count":819296,"self":3.142092,"total":3.142092,"children":null}}}}}}}}},"DecideAction":{"count":523601,"self":798.8918784,"total":798.89188,"children":null},"AgentAct":{"count":523601,"self":9.204596,"total":9.2733714,"children":{"AgentInfo.ToProto":{"count":1664,"self":0.016557199999999998,"total":0.0687757,"children":{"GenerateSensorData":{"count":1664,"self":0.0502159,"total":0.0522185,"children":{"RayPerceptionSensor.Perceive":{"count":1664,"self":0.0020025999999999998,"total":0.0020025999999999998,"children":null}}}}}}}},"gauges":{"CarDriver.CumulativeReward":{"count":1664,"max":-6134,"min":-6605,"runningAverage":-6268.524,"value":-6285,"weightedAverage":-6240.748}},"metadata":{"timer_format_version":"0.1.0","start_time_seconds":"1684176510","unity_version":"2020.3.28f1","command_line_arguments":"C:\\Program Files\\Unity\\Hub\\Editor\\2020.3.28f1\\Editor\\Unity.exe -projectpath C:\\Users\\Senger\\Desktop\\AI_Racer\\AI_Racer -useHub -hubIPC -cloudEnvironment production -licensingIpc LicenseClient-Senger -hubSessionId 5ea27130-f32f-11ed-a052-b578b0d470ab -accessToken pJkYE3HWsrF9Ve1IUSdwusAakBqpd0mZeXTfFQuPXA0008f","communication_protocol_version":"1.5.0","com.unity.ml-agents_version":"2.0.1","scene_name":"GameScene","end_time_seconds":"1684178318"}}