{
    "name": "root",
    "gauges": {
        "CarDriver.Policy.Entropy.mean": {
            "value": 1.2364423274993896,
            "min": 1.2364423274993896,
            "max": 1.3439844846725464,
            "count": 29
        },
        "CarDriver.Policy.Entropy.sum": {
            "value": 61841.8984375,
            "min": 61510.67578125,
            "max": 67423.421875,
            "count": 29
        },
        "CarDriver.Step.mean": {
            "value": 1449959.0,
            "min": 49952.0,
            "max": 1449959.0,
            "count": 29
        },
        "CarDriver.Step.sum": {
            "value": 1449959.0,
            "min": 49952.0,
            "max": 1449959.0,
            "count": 29
        },
        "CarDriver.Policy.ExtrinsicValueEstimate.mean": {
            "value": -1307.8336181640625,
            "min": -1309.04248046875,
            "max": -19.555269241333008,
            "count": 29
        },
        "CarDriver.Policy.ExtrinsicValueEstimate.sum": {
            "value": -1067192.25,
            "min": -1073947.75,
            "max": -51430.359375,
            "count": 29
        },
        "CarDriver.Environment.EpisodeLength.mean": {
            "value": 488.0,
            "min": 17.07603305785124,
            "max": 488.0,
            "count": 29
        },
        "CarDriver.Environment.EpisodeLength.sum": {
            "value": 46848.0,
            "min": 41324.0,
            "max": 54656.0,
            "count": 29
        },
        "CarDriver.Environment.CumulativeReward.mean": {
            "value": -6254.520833333333,
            "min": -6688.739583333333,
            "max": -43.973358116480796,
            "count": 29
        },
        "CarDriver.Environment.CumulativeReward.sum": {
            "value": -600434.0,
            "min": -705750.0,
            "max": -35589.6029624939,
            "count": 29
        },
        "CarDriver.Policy.ExtrinsicReward.mean": {
            "value": -6254.520833333333,
            "min": -6688.739583333333,
            "max": -43.973358116480796,
            "count": 29
        },
        "CarDriver.Policy.ExtrinsicReward.sum": {
            "value": -600434.0,
            "min": -705750.0,
            "max": -35589.6029624939,
            "count": 29
        },
        "CarDriver.Losses.PolicyLoss.mean": {
            "value": 0.022981560882180927,
            "min": 0.01964532420504838,
            "max": 0.026237535014903793,
            "count": 29
        },
        "CarDriver.Losses.PolicyLoss.sum": {
            "value": 0.09192624352872371,
            "min": 0.08239222933383038,
            "max": 0.13066542413240917,
            "count": 29
        },
        "CarDriver.Losses.ValueLoss.mean": {
            "value": 152.8583392461141,
            "min": 0.62226546784242,
            "max": 5776.692533365885,
            "count": 29
        },
        "CarDriver.Losses.ValueLoss.sum": {
            "value": 611.4333569844564,
            "min": 2.6887512753407163,
            "max": 23106.77013346354,
            "count": 29
        },
        "CarDriver.Policy.LearningRate.mean": {
            "value": 0.00029145780884739803,
            "min": 0.00029145780884739803,
            "max": 0.000299837664054112,
            "count": 29
        },
        "CarDriver.Policy.LearningRate.sum": {
            "value": 0.0011658312353895921,
            "min": 0.0011658312353895921,
            "max": 0.0014977361287546237,
            "count": 29
        },
        "CarDriver.Policy.Epsilon.mean": {
            "value": 0.19715260200000004,
            "min": 0.19715260200000004,
            "max": 0.19994588800000002,
            "count": 29
        },
        "CarDriver.Policy.Epsilon.sum": {
            "value": 0.7886104080000002,
            "min": 0.7886104080000002,
            "max": 0.9992453760000001,
            "count": 29
        },
        "CarDriver.Policy.Beta.mean": {
            "value": 0.0048579148398,
            "min": 0.0048579148398,
            "max": 0.0049972998112,
            "count": 29
        },
        "CarDriver.Policy.Beta.sum": {
            "value": 0.0194316593592,
            "min": 0.0194316593592,
            "max": 0.024962344262400002,
            "count": 29
        },
        "CarDriver.IsTraining.mean": {
            "value": 1.0,
            "min": 1.0,
            "max": 1.0,
            "count": 29
        },
        "CarDriver.IsTraining.sum": {
            "value": 1.0,
            "min": 1.0,
            "max": 1.0,
            "count": 29
        }
    },
    "metadata": {
        "timer_format_version": "0.1.0",
        "start_time_seconds": "1684174702",
        "python_version": "3.9.13 (main, Aug 25 2022, 23:51:50) [MSC v.1916 64 bit (AMD64)]",
        "command_line_arguments": "C:\\Users\\Senger\\Desktop\\AI_Racer\\AI_Racer\\venv\\Scripts\\mlagents-learn results\\CarDriver1\\configuration.yaml --initialize-from=CarDriver1 --run-id=CarDriver2",
        "mlagents_version": "0.30.0",
        "mlagents_envs_version": "0.30.0",
        "communication_protocol_version": "1.5.0",
        "pytorch_version": "1.7.1+cu110",
        "numpy_version": "1.21.2",
        "end_time_seconds": "1684178323"
    },
    "total": 3620.7462814,
    "count": 1,
    "self": 0.015140099999825907,
    "children": {
        "run_training.setup": {
            "total": 0.19972420000000013,
            "count": 1,
            "self": 0.19972420000000013
        },
        "TrainerController.start_learning": {
            "total": 3620.5314171,
            "count": 1,
            "self": 3.272888800016517,
            "children": {
                "TrainerController._reset_env": {
                    "total": 11.515474300000001,
                    "count": 1,
                    "self": 11.515474300000001
                },
                "TrainerController.advance": {
                    "total": 3605.6686026999837,
                    "count": 94463,
                    "self": 2.8825636998794835,
                    "children": {
                        "env_step": {
                            "total": 3020.7440552000626,
                            "count": 94463,
                            "self": 2889.0610529001256,
                            "children": {
                                "SubprocessEnvManager._take_step": {
                                    "total": 129.45029360000086,
                                    "count": 94466,
                                    "self": 11.002269100010068,
                                    "children": {
                                        "TorchPolicy.evaluate": {
                                            "total": 118.4480244999908,
                                            "count": 91890,
                                            "self": 118.4480244999908
                                        }
                                    }
                                },
                                "workers": {
                                    "total": 2.232708699936243,
                                    "count": 94462,
                                    "self": 0.0,
                                    "children": {
                                        "worker_root": {
                                            "total": 3469.350447599949,
                                            "count": 94462,
                                            "is_parallel": true,
                                            "self": 933.0042595000023,
                                            "children": {
                                                "steps_from_proto": {
                                                    "total": 0.005234599999997869,
                                                    "count": 4,
                                                    "is_parallel": true,
                                                    "self": 0.00112059999998948,